"","PMI.reportId","SampleId","variant.sample.bait.set","variant.sample.mean.exon.depth","variant.sample.name","variant.sample.nucleic.acid.type","variant.qualitycontrol","short.variant.dna.evidence","allele.fraction","cds.effect","depth","equivocal","functional.effect","gene","percent.reads","position","protein.effect","status","strand","transcript"
"1","QRF024108","QRF024108.01","DX1","846.98","SA-123916","DNA","Pass","SA-123916","0.5941","611C>A","845","false","missense","NTRK2","59.41","chr9:87338515","P204H","unknown","+","NM_006180"
"2","QRF024108","QRF024108.01","DX1","846.98","SA-123916","DNA","Pass","SA-123916","0.1548","1485C>G","717","false","missense","FGFR4","15.48","chr5:176522416","N495K","unknown","+","NM_022963"
"3","QRF024108","QRF024108.01","DX1","846.98","SA-123916","DNA","Pass","SA-123916","0.5559","856C>T","1225","false","missense","PALB2","55.59","chr16:23647011","P286S","unknown","-","NM_024675"
"4","QRF024108","QRF024108.01","DX1","846.98","SA-123916","DNA","Pass","SA-123916","0.1491","5548_5549insG","865","false","frameshift","ARID1A","14.91","chr1:27105937","D1850fs*4","likely","+","NM_006015"
"5","QRF024108","QRF024108.01","DX1","846.98","SA-123916","DNA","Pass","SA-123916","0.0554","922_924delGAG","596","false","nonframeshift","FLCN","5.54","chr17:17122470","E308del","unknown","-","NM_144997"
"6","QRF024108","QRF024108.01","DX1","846.98","SA-123916","DNA","Pass","SA-123916","0.6338","226C>A","852","false","missense","CDK8","63.38","chr13:26923230","P76T","unknown","+","NM_001260"
"7","QRF024108","QRF024108.01","DX1","846.98","SA-123916","DNA","Pass","SA-123916","0.0931","4126G>C","849","false","missense","MTOR","9.31","chr1:11259442","D1376H","unknown","-","NM_004958"
"8","QRF024108","QRF024108.01","DX1","846.98","SA-123916","DNA","Pass","SA-123916","0.4910","86G>C","442","false","missense","PMS2","49.10","chr7:6045600","G29A","unknown","-","NM_000535"
"9","QRF024108","QRF024108.01","DX1","846.98","SA-123916","DNA","Pass","SA-123916","0.1888","530C>G","699","false","missense","TP53","18.88","chr17:7578400","P177R","known","-","NM_000546"
"10","QRF024108","QRF024108.01","DX1","846.98","SA-123916","DNA","Pass","SA-123916","0.3889","3140A>T","1458","false","missense","PIK3CA","38.89","chr3:178952085","H1047L","known","+","NM_006218"
